Track_uri,Album_name,Track_name,Track_genres,Artist_name,Track_popularity,danceability,energy,key,loudness,speechiness,acousticness,instrumentalness,liveness,valence,tempo,duration_ms
spotify:track:6zyozkRLgDlqZIUJzCwkgP,"Dil Na Jaaneya (From ""Good Newwz"")",Dil Na Jaaneya,"dance pop,electropop,pop",Lauv,63,0.791,0.348,10,-9.457,0.0434,0.594,1.45e-06,0.097,0.49,131.972,231136
spotify:track:6VBhH7CyP56BXjp8VsDFPZ,"Kesariya (From ""Brahmastra"")","Kesariya (From ""Brahmastra"")","desi pop,filmi,modern bollywood",Arijit Singh,87,0.577,0.574,0,-6.525,0.0278,0.572,0.0,0.1,0.436,94.009,268165
spotify:track:7I6mwEFQwpTu5ciVZWFpd4,"Aashiqui Aa Gayi (From ""Radhe Shyam"")","Aashiqui Aa Gayi(From ""Radhe Shyam"")","desi pop,filmi,modern bollywood",Arijit Singh,66,0.527,0.495,10,-7.783,0.0353,0.587,0.0,0.127,0.474,122.826,260133
spotify:track:678JJ0TF3KFkzw6bIFKcew,YRF Top 10 - Midnight Hour,"Haareya (From ""Meri Pyaari Bindu "")","desi pop,filmi,modern bollywood",Arijit Singh,53,0.675,0.392,4,-10.11,0.037,0.773,0.0,0.109,0.533,123.923,214736
spotify:track:6XZWokIxs4leaSmXmU8b26,"Hum Nashe Mein Toh Nahin (From ""Bhool Bhulaiyaa 2"")","Hum Nashe Mein Toh Nahin (From ""Bhool Bhulaiyaa 2"")","desi pop,filmi,modern bollywood",Arijit Singh,73,0.572,0.736,11,-7.768,0.0658,0.643,0.0,0.128,0.778,85.035,238252
spotify:track:7sVEoPc5ZUUQerRkgTypUZ,"Srivalli (From ""Pushpa The Rise Part - 01"")","Srivalli (From ""Pushpa The Rise Part - 01"")","filmi,tollywood",Devi Sri Prasad,72,0.787,0.603,9,-4.781,0.034,0.435,0.0,0.101,0.743,106.984,224072
spotify:track:0DXfJ2iKRDEG7rPgssWFea,"Rangisari (From ""Jugjugg Jeeyo"")","Rangisari (From ""Jugjugg Jeeyo"")","desi pop,filmi,hindi indie,modern bollywood,sufi",Kavita Seth,74,0.524,0.758,10,-9.28,0.0538,0.27,0.13,0.106,0.319,140.012,223271
spotify:track:5urYiIXu1ZhfMAOsp7WDTc,"Dil Ko Karaar Aaya (From ""Sukoon"")","Dil Ko Karaar Aaya (From ""Sukoon"")","desi pop,filmi,modern bollywood",Neha Kakkar,75,0.55,0.448,11,-9.117,0.0366,0.777,0.000459,0.111,0.388,147.986,231487
spotify:track:3gOXq3FPPesm7VLPKmef6j,Atrangi Re,Rait Zara Si,"desi pop,filmi,modern bollywood",Arijit Singh,67,0.563,0.495,2,-10.272,0.0362,0.781,0.0,0.0837,0.244,125.998,291462
spotify:track:0tgwvpBXcw7GURJRqBnc4g,Best Of Arijit Singh - Revisited,"Girl I Need You (From ""Baaghi"")","desi pop,filmi,modern bollywood",Arijit Singh,61,0.647,0.537,0,-7.486,0.0258,0.368,0.0,0.213,0.185,131.927,297752
spotify:track:5iFwAOB2TFkPJk8sMlxP8g,Make You Mine,Make You Mine,indie rockism,PUBLIC,77,0.606,0.799,9,-4.452,0.0261,0.0128,0.0,0.15,0.638,103.014,232907
spotify:track:0cWLJcdvM6QlOQ7UJdB4jb,"Nazar Na Lag Jaaye (From ""Stree"")","Nazar Na Lag Jaaye (From ""Stree"")","desi pop,filmi,gujarati pop,modern bollywood",Sachin-Jigar,60,0.527,0.622,7,-8.172,0.0842,0.7,2.82e-06,0.126,0.672,173.709,206175
spotify:track:5Q58RkKyUafm15Syxg79DW,Aisha (Original Motion Picture Soundtrack),Sham,"desi pop,filmi,modern bollywood",Amit Trivedi,60,0.722,0.288,4,-10.767,0.0444,0.827,1.06e-05,0.12,0.502,119.899,284627
spotify:track:0oukMLKedsqQ3ltnI2daRO,Haaye Oye (feat. Ash King),Haaye Oye (feat. Ash King),"desi pop,filmi,modern bollywood",Ash King,65,0.633,0.727,11,-4.104,0.0383,0.173,0.0,0.153,0.543,123.959,200029
spotify:track:7kiZ6Zf66oX6yMovt3gC1a,Kill Dil,Sajde,"desi pop,filmi,modern bollywood",Arijit Singh,55,0.499,0.48,1,-6.45,0.0415,0.619,0.0,0.319,0.577,99.886,325460
spotify:track:5WzfGg2ueNoOS5aIkaR9qX,Badhaai Do (Original Motion Picture Soundtrack),Atak Gaya - Arijit Singh,"desi pop,filmi,modern bollywood",Arijit Singh,72,0.4,0.366,6,-8.598,0.0342,0.87,0.00163,0.102,0.508,80.568,199407
spotify:track:2VR1z4g6haFyMoghNj46KB,Jhoom,Jhoom,"classic pakistani pop,desi pop,filmi,modern bollywood,pakistani pop,sufi",Ali Zafar,63,0.734,0.529,0,-10.198,0.0346,0.392,0.0,0.11,0.58,128.022,389213
spotify:track:3XMw6S7gHyRM5h6A0rhW03,I Like Me X Waalian X Kabhi Kabhi,I Like Me X Waalian X Kabhi Kabhi,"desi pop,indian lo-fi,modern bollywood",Sanjay S Yadav,61,0.657,0.753,11,-6.149,0.124,0.256,0.0,0.0995,0.559,90.003,170841
spotify:track:6riCsiX9csuomBYnenrtGd,Nautanki Saala !,Saadi Galli Aaja,"desi pop,filmi,modern bollywood",Ayushmann Khurrana,50,0.739,0.836,2,-5.155,0.0325,0.195,3.64e-06,0.197,0.677,109.011,253417
spotify:track:1We89SAonMk70QBbfXERxa,Bareilly Ki Barfi,Nazm Nazm,"desi pop,filmi,modern bollywood",Arko,67,0.62,0.627,7,-6.187,0.0307,0.497,0.0,0.133,0.557,82.008,226941
spotify:track:7lNbI1xd39QRdf6Mj8tvTv,Teri Jhalak Asharfi Javed Ali Hits,"Saudebazi (Encore) [From ""Aakrosh""]","desi pop,filmi,modern bollywood,sufi",Javed Ali,51,0.69,0.73,5,-6.588,0.0307,0.122,0.0,0.346,0.776,113.969,354863
spotify:track:1rinwuHEJlACLuDxihAlCu,Gold,Naino Ne Baandhi,"desi pop,filmi,modern bollywood",Yasser Desai,61,0.294,0.705,10,-7.302,0.0488,0.548,0.0,0.113,0.548,81.463,241894
spotify:track:7tp4iYvcZksGp1u7feUrrO,Mitti Di Khushboo,Mitti Di Khushboo,"desi pop,filmi,modern bollywood",Ayushmann Khurrana,63,0.64,0.754,6,-4.873,0.0392,0.395,0.0,0.209,0.355,94.989,247223
spotify:track:28sq2vxwsWbDUMByREqpO7,Dream Girl,Ik Mulaqaat Unplugged,"desi pop,filmi,modern bollywood",Ayushmann Khurrana,49,0.481,0.366,11,-6.737,0.0281,0.561,0.0,0.157,0.589,94.137,213661
spotify:track:30UWFQsrAfkzcsRWaiNLtU,Yahin Hoon Main,Yahin Hoon Main,"desi pop,filmi,modern bollywood",Ayushmann Khurrana,54,0.633,0.558,3,-6.572,0.0275,0.0839,1.1e-06,0.0982,0.501,110.012,238121
spotify:track:5XxzNB2CnNrySvyVLwyobq,Badhaai Ho,Morni Banke,"desi pop,filmi,modern bollywood",Neha Kakkar,52,0.816,0.922,11,-2.963,0.149,0.178,0.0,0.373,0.887,95.006,198026
spotify:track:0Ms1V2flsPzr2bVqImelCB,Satyameva Jayate,Dilbar,"desi pop,filmi,modern bollywood",Neha Kakkar,56,0.725,0.912,9,-3.665,0.0851,0.155,7.68e-05,0.107,0.674,104.054,184433
spotify:track:352wEkChkiClswqwDoM0nj,"Coca Cola (From ""Luka Chuppi"")","Coca Cola (From ""Luka Chuppi"")","desi pop,filmi,modern bollywood",Neha Kakkar,60,0.722,0.867,0,-3.652,0.0904,0.121,0.0052,0.123,0.893,102.009,179225
spotify:track:4t1DkxexoMbIHfSHS4Uiyr,Kesari,Ve Maahi,"desi pop,filmi,modern bollywood",Arijit Singh,65,0.65,0.551,0,-6.906,0.0274,0.405,0.0,0.219,0.294,102.934,223999
spotify:track:7lGhrfren1Zpwh0ds0zuUg,"Pal Pal Dil Ke Paas- Title Track (From ""Pal Pal Dil Ke Paas"")",Pal Pal Dil Ke Paas- Title Track,"desi pop,filmi,modern bollywood",Arijit Singh,69,0.56,0.512,1,-7.185,0.0333,0.592,0.0,0.056,0.39,123.991,254516
spotify:track:7ofWUKeNCUw1P64ArIwG9b,"Dheeme Dheeme (From ""Pati Patni Aur Woh"")","Dheeme Dheeme (From ""Pati Patni Aur Woh"")","desi pop,filmi,modern bollywood",Neha Kakkar,60,0.8,0.972,10,-2.053,0.0405,0.15,0.00337,0.351,0.694,110.054,177383
spotify:track:5I2wbDvSI98HLVB42YO9sU,"Lagdi Lahore Di (From ""Street Dancer 3D"")","Lagdi Lahore Di (From ""Street Dancer 3D"")","desi hip hop,desi pop,modern bollywood",Guru Randhawa,60,0.786,0.797,6,-4.063,0.0414,0.233,0.0,0.0861,0.453,95.014,215368
spotify:track:28veUNu4veN0LOBVa0nFw8,"Muqabla (From ""Street Dancer 3D"")","Muqabla (From ""Street Dancer 3D"")","desi pop,modern bollywood",Tanishk Bagchi,62,0.804,0.913,0,-3.135,0.0933,0.0248,2.84e-05,0.391,0.544,119.993,176125
spotify:track:0WdbnNKO0Jt4BZACSDQh44,"Ghungroo (From ""War"")","Ghungroo (From ""War"")","desi pop,filmi,modern bollywood",Arijit Singh,69,0.695,0.727,6,-6.274,0.0323,0.0744,0.000175,0.533,0.864,118.034,302935
spotify:track:0z9lOAVgQT5bysEKZ6Wwbk,"Dus Bahane 2.0 (From ""Baaghi 3"") (feat. K.K., Shaan, Tulsi Kumar)","Dus Bahane 2.0 (From ""Baaghi 3"") (feat. K.K., Shaan, Tulsi Kumar)","desi hip hop,desi pop,filmi,modern bollywood",Vishal Dadlani,57,0.807,0.914,7,-5.092,0.069,0.0411,0.00105,0.292,0.463,114.039,201655
spotify:track:10Hks1iBOnKIIhouOI4rrk,Loca,Loca,"desi pop,filmi,hindi hip hop,modern bollywood",Yo Yo Honey Singh,50,0.937,0.851,0,-3.81,0.0642,0.0251,0.0,0.0704,0.655,111.973,210489
spotify:track:6q9XTgfWilsnyiFofvYrIF,"Garmi (From ""Street Dancer 3D"")","Garmi (From ""Street Dancer 3D"") (feat. Varun Dhawan)","desi pop,filmi,modern bollywood",Neha Kakkar,66,0.788,0.87,9,-5.217,0.177,0.123,1.43e-05,0.0692,0.884,109.974,182739
spotify:track:25MPTnqXQB1H6OkwSYUXWx,"Malang (Title Track) [From ""Malang - Unleash The Madness""]","Malang (Title Track) [From ""Malang - Unleash The Madness""]",desi pop,Ved Sharma,64,0.384,0.728,7,-6.503,0.0623,0.329,1.85e-05,0.329,0.311,156.396,287374
spotify:track:6cYFaHhkdI5LWZ6kBIdKgB,Kuch Bhi Ho Jaye,Kuch Bhi Ho Jaye,"desi pop,punjabi pop",B Praak,0,0.538,0.586,6,-2.855,0.0346,0.465,0.0,0.0752,0.286,79.949,274548
spotify:track:0gzu5mm36VJH2Zqu8sQPTf,Genda Phool (feat. Payal Dev),Genda Phool (feat. Payal Dev),"desi hip hop,desi pop,desi trap,haryanvi pop,modern bollywood",Badshah,60,0.955,0.538,1,-8.394,0.0734,0.132,0.00146,0.0704,0.837,116.977,170769
spotify:track:3ZVKI8jix6PjEFx2xFBFhz,"BurjKhalifa (From ""Laxmii"")","BurjKhalifa (From ""Laxmii"")","desi pop,modern bollywood",Nikhita Gandhi,63,0.759,0.899,10,-3.566,0.186,0.0334,0.0,0.104,0.589,106.968,187570
spotify:track:1orM67pmkNc4alrZkWjYkV,Naach Meri Rani,Naach Meri Rani,"desi hip hop,desi pop,modern bollywood",Guru Randhawa,62,0.676,0.488,1,-5.091,0.154,0.0613,0.0,0.0707,0.151,97.036,212693
spotify:track:018eOid2aGaPdxon7T6GsC,"Shayad (From ""Love Aaj Kal"")","Shayad (From ""Love Aaj Kal"")","desi pop,filmi,modern bollywood",Arijit Singh,67,0.487,0.456,8,-7.144,0.0319,0.789,1.79e-06,0.141,0.348,136.088,247941
spotify:track:34ppgPuSUgKIqUIBT26ulf,Saari Ki Saari 2.0,Saari Ki Saari 2.0,"desi pop,gujarati pop,modern bollywood",Darshan Raval,54,0.309,0.354,4,-8.894,0.0256,0.83,3.15e-05,0.0684,0.2,83.958,248222
spotify:track:3qrdLVOClRU4yPkcXZ7c5u,"Mere Liye Tum Kaafi Ho (From ""Shubh Mangal Zyada Saavdhan"")","Mere Liye Tum Kaafi Ho (From ""Shubh Mangal Zyada Saavdhan"")","desi pop,filmi,modern bollywood",Ayushmann Khurrana,69,0.701,0.638,6,-3.711,0.302,0.492,0.0,0.153,0.813,177.867,132158
spotify:track:2ZvWoJ82LKCgD0nU9H5ue5,Dil Bechara (Original Motion Picture Soundtrack),Main Tumhara,"desi pop,filmi,modern bollywood",A.R. Rahman,59,0.236,0.14,7,-13.478,0.0343,0.916,0.000148,0.087,0.123,76.805,258726
spotify:track:58ynJq9eLLDChA3GNFJcDL,"Channa Ve (From ""Bhoot - Part One: The Haunted Ship"")",Channa Ve,"desi pop,modern bollywood",Akhil Sachdeva,68,0.676,0.696,9,-6.68,0.0452,0.666,0.0,0.0931,0.606,94.945,211579
spotify:track:1XFZMenJ30FfGOsj8X5sqf,Dil Bechara (Original Motion Picture Soundtrack),Khulke Jeene Ka,"desi pop,filmi,modern bollywood",Arijit Singh,56,0.676,0.544,7,-10.893,0.0568,0.566,0.0,0.341,0.533,88.969,246742
spotify:track:3Nb0sHsDac1jX6nO8tA4Nf,Commando 3 (Original Motion Picture Soundtrack),Akhiyaan Milavanga,"desi pop,filmi,modern bollywood",Arijit Singh,56,0.326,0.6,3,-5.882,0.106,0.738,3.98e-06,0.0677,0.475,193.126,302319
spotify:track:02J3mNwGfcOS7jjAUfzMgV,Love Aaj Kal (Original Motion Picture Soundtrack),Aur Tanha,"desi pop,filmi,modern bollywood",KK,46,0.434,0.56,9,-7.656,0.0328,0.79,0.00434,0.0858,0.201,169.896,295765
spotify:track:0a6zRnrjmaOcqsEIFkXIhw,Khaab,Khaab,"desi hip hop,desi pop,punjabi pop",Akhil,70,0.662,0.661,0,-5.689,0.0514,0.417,0.0,0.0784,0.222,80.009,201689
spotify:track:7CY0CmCpSglfUKCBOOiRfw,Street Dancer 3D,Illegal Weapon 2.0,"desi pop,punjabi pop",Garry Sandhu,53,0.805,0.919,1,-1.294,0.0938,0.101,0.00343,0.0598,0.494,94.993,188606
spotify:track:1kyuz7HsgtrWBfM2mMHwPe,"The Bhoot Song (From ""Housefull 4"")","The Bhoot Song (From ""Housefull 4"")","desi hip hop,desi pop,filmi,modern bollywood",Mika Singh,33,0.567,0.839,10,-5.325,0.131,0.0919,0.0272,0.189,0.785,104.974,238798
spotify:track:7IAJzec1UxGYmNvbPTHbxx,"Shaitan Ka Saala (From ""Housefull 4"")","Shaitan Ka Saala (From ""Housefull 4"")","desi hip hop,desi pop,filmi,modern bollywood",Vishal Dadlani,50,0.844,0.772,7,-4.621,0.194,0.284,2.38e-06,0.368,0.336,100.008,147395
spotify:track:5K342fmwaup3QbybXhuZZH,World Music Day 2020 - Top 20,"Tamma Tamma Again (From ""Badrinath Ki Dulhania"")","desi hip hop,desi pop,desi trap,haryanvi pop,modern bollywood",Badshah,24,0.725,0.848,2,-4.724,0.0524,0.0787,9.16e-05,0.104,0.781,123.021,199265
spotify:track:65bMbbRjIlGyJBgQRi6Qvv,Dhoom:3,Malang,"desi pop,filmi,indian instrumental,modern bollywood",Pritam,55,0.514,0.873,4,-7.76,0.139,0.172,0.0,0.482,0.583,173.03,273737
spotify:track:1YTU6H9mLYZZMP78x5V7KC,Happy New Year,Lovely,"desi hip hop,desi pop,filmi,modern bollywood",Kanika Kapoor,53,0.51,0.919,8,-2.926,0.149,0.0831,2.61e-06,0.0422,0.673,111.989,220714
spotify:track:1OBOW5jFnqpieVQFsxu2P9,Dhoom:3,Dhoom Machale Dhoom,"desi pop,filmi,indian instrumental,modern bollywood",Pritam,50,0.7,0.899,1,-8.262,0.117,0.096,1.38e-05,0.327,0.674,109.994,235625
spotify:track:0wEgK7RKkB1R6sR5Nrwh5g,Dabangg 2,Fevicol Se,"desi pop,filmi,modern bollywood",Mamta Sharma,55,0.752,0.822,5,-8.471,0.102,0.131,0.0,0.27,0.917,119.966,289866
spotify:track:7MvQQGqYE4r0ucTarmI2Gr,Saturday Saturday,Saturday Saturday,"desi hip hop,desi pop,desi trap,haryanvi pop,modern bollywood",Badshah,55,0.847,0.938,8,-4.615,0.0974,0.149,0.0,0.107,0.786,130.02,210799
spotify:track:2UrYCuGwJOf3gusHlb5uPy,Laila,Laila,"desi hip hop,desi pop,filmi,modern bollywood",Mika Singh,45,0.746,0.875,7,-5.43,0.109,0.00526,0.0144,0.0479,0.805,130.087,217827
spotify:track:7Esjmr77c4SU5IlMtym7Ho,Dostana (Original Motion Picture Soundtrack),Khabar Nahi,"desi pop,filmi,modern bollywood",Shreya Ghoshal,52,0.622,0.758,7,-6.641,0.11,0.153,0.0,0.0622,0.436,90.951,259120
spotify:track:2rOnSn2piaqLAlYjtfUBlY,"Raataan Lambiyan (From ""Shershaah"")","Raataan Lambiyan (From ""Shershaah"")","desi pop,filmi,hare krishna,modern bollywood",Jubin Nautiyal,77,0.72,0.63,10,-5.549,0.0413,0.615,0.0,0.108,0.512,81.009,230292
spotify:track:0v77QqHiZUvfJkCk2rGRqw,Shershaah (Original Motion Picture Soundtrack),Ranjha,"desi pop,punjabi pop",B Praak,62,0.611,0.566,1,-5.861,0.0388,0.507,0.0,0.0971,0.312,82.984,228855
spotify:track:4tTfuSruVfIbN1PgpgmTee,Coke Studio: Season 9,Afreen Afreen,"classic pakistani pop,filmi,modern bollywood,qawwali,sufi",Rahat Fateh Ali Khan,1,0.487,0.557,8,-4.525,0.0376,0.71,0.0,0.121,0.514,114.473,400000
spotify:track:5O932cZmzOZGOGZz9RHx20,Chhichhore,Khairiyat,"desi pop,filmi,modern bollywood",Arijit Singh,73,0.534,0.481,0,-9.016,0.0412,0.697,0.0,0.142,0.293,124.914,280282
spotify:track:2dPUug9YiNL4ypu8UF8SnD,Mickey Virus,Tose Naina,"desi pop,filmi,modern bollywood",Arijit Singh,62,0.523,0.561,4,-6.474,0.0329,0.426,0.0,0.109,0.31,139.885,263549
spotify:track:6ZoCBDOB308GqUdt2AJrV2,Ra-One,Dildaara (Stand By Me),"classic pakistani pop,desi pop,filmi,modern bollywood,pakistani pop,sufi",Shafqat Amanat Ali,67,0.622,0.779,9,-5.799,0.037,0.102,0.000934,0.145,0.761,100.013,249661
spotify:track:6dN6k8fcjeB3Z2zLnxeyhP,Manmarziyaan (Original Motion Picture Soundtrack),Daryaa,"desi pop,punjabi pop",Ammy Virk,43,0.565,0.527,8,-5.035,0.0252,0.148,2.3e-06,0.103,0.231,91.989,261918
spotify:track:0hFUtSsV2itYEUTZGj6w5H,"Aabaad Barbaad (From ""Ludo"")","Aabaad Barbaad (From ""Ludo"")","desi pop,filmi,modern bollywood",Arijit Singh,62,0.626,0.522,7,-5.857,0.0317,0.686,0.0,0.41,0.628,118.001,309103
spotify:track:3nKEiJUeaWn8q2O9I1xwlB,Kurbaan (Original Motion Picture Soundtrack),Shukran Allah,"desi pop,filmi,modern bollywood",Shreya Ghoshal,62,0.432,0.695,1,-8.022,0.111,0.732,0.0014,0.274,0.513,116.153,290053
spotify:track:6eTPyEkYUmDUFvNxJdNuOD,Vicky Donor,"Pani Da Rang Male (From ""Vicky Donor"")","desi pop,filmi,modern bollywood",Ayushmann Khurrana,51,0.679,0.622,4,-8.514,0.0328,0.272,6.52e-05,0.106,0.483,98.028,240787
spotify:track:0xkGTPTijMU84dtHr3KQQi,Kedarnath,Qaafirana,"desi pop,filmi,modern bollywood",Arijit Singh,69,0.417,0.433,4,-8.958,0.0415,0.0726,0.0,0.123,0.207,169.92,341823
spotify:track:4FeczSomVWVyU4FW7xDeAI,Guru (Original Motion Picture Soundtrack),Tere Bina,"desi pop,filmi,modern bollywood",A.R. Rahman,64,0.744,0.7,2,-7.663,0.0375,0.278,0.000155,0.068,0.867,144.033,309640
spotify:track:5ZhKD46Q7mhsl0awl7ZMJc,"Jeena Jeena (From ""Badlapur"")","Jeena Jeena (From ""Badlapur"")","classic pakistani pop,desi pop,filmi,modern bollywood,sufi",Atif Aslam,54,0.677,0.318,5,-9.196,0.028,0.775,0.0,0.118,0.585,104.983,228969
spotify:track:6871FKHumiy1Wfr6vF7Xxt,"Hawayein (From ""Jab Harry Met Sejal"")","Hawayein (From ""Jab Harry Met Sejal"")","desi pop,filmi,modern bollywood",Arijit Singh,64,0.606,0.601,2,-5.576,0.0283,0.796,0.000511,0.127,0.453,125.961,289999
spotify:track:35RWttZt8zGGzT0mWtlXpn,M.S.Dhoni - The Untold Story,Jab Tak,"desi pop,filmi,modern bollywood",Armaan Malik,62,0.299,0.447,3,-7.862,0.0383,0.858,0.000314,0.097,0.321,121.723,174039
spotify:track:5cgKosPPj5Cs9a2JQufUc1,Yeh Jawaani Hai Deewani,Ilahi,"desi pop,filmi,modern bollywood",Arijit Singh,66,0.593,0.967,9,-5.767,0.0907,0.166,2.54e-05,0.105,0.452,131.988,228982
spotify:track:1kcV2LJxt5v0s2cEGtEJ5i,Rockstar,Phir Se Ud Chala,"desi pop,filmi,modern bollywood",Mohit Chauhan,65,0.647,0.656,11,-8.632,0.0354,0.657,0.000163,0.343,0.453,119.965,268833
spotify:track:1gwO79MdYdumgIjxq8eCxB,I Hate Luv Storys (Original Motion Picture Soundtrack),Bahara,"desi pop,filmi,modern bollywood",Shreya Ghoshal,61,0.595,0.739,5,-6.733,0.0359,0.0716,6.98e-06,0.134,0.722,87.834,325707
spotify:track:0GQngE2rOYvlKwEQjTAsP8,Yeh Jawaani Hai Deewani,Subhanallah,"desi pop,filmi,indian instrumental,modern bollywood",Pritam,70,0.302,0.493,9,-5.038,0.0451,0.455,0.0,0.134,0.457,88.904,249707
spotify:track:7mNZUnDWUDidWBFaUpVtOC,Chidiya,Chidiya,"desi hip hop,desi pop,modern bollywood",Vilen,74,0.486,0.494,6,-8.56,0.0324,0.715,0.0,0.109,0.414,179.975,253333
spotify:track:0ZHILXmUaVSLEOCWxPQ1ga,"Makhna (From ""Drive"")",Makhna,"desi pop,modern bollywood",Tanishk Bagchi,71,0.696,0.704,1,-7.876,0.0423,0.167,0.0,0.155,0.426,124.972,183000
spotify:track:4BOYIpYF7zTYtAkpjoD687,Rustom,Tere Sang Yaara,"classic pakistani pop,desi pop,filmi,modern bollywood,sufi",Atif Aslam,66,0.539,0.551,8,-7.351,0.0361,0.651,0.0,0.124,0.556,75.899,286380
spotify:track:6v54G4hhoyTPreZ3nvSYmR,Hits Of Armaan Malik,"Pehla Pyaar (From ""Kabir Singh"")","desi pop,filmi,modern bollywood",Armaan Malik,47,0.607,0.713,4,-5.105,0.03,0.56,4.98e-05,0.101,0.611,124.868,272533
spotify:track:3oWxFNsXstcancCR1wODR4,Kabir Singh,Tera Ban Jaunga,"desi pop,filmi,modern bollywood",Tulsi Kumar,67,0.605,0.53,11,-6.346,0.0246,0.821,0.0,0.131,0.397,93.95,236437
spotify:track:3P167vmmGRGKHoy7uDugvy,Azhar,Itni Si Baat Hain,"desi pop,filmi,modern bollywood",Arijit Singh,58,0.56,0.768,2,-4.77,0.0655,0.494,0.0,0.0844,0.289,155.765,294847
spotify:track:7AV1hh76pC1mg4iSH796Vp,Rustom,Dekha Hazaro Dafaa,"desi pop,filmi,modern bollywood",Arijit Singh,63,0.411,0.277,7,-8.844,0.0305,0.903,0.0,0.209,0.345,143.768,207752
spotify:track:7eQl3Yqv35ioqUfveKHitE,Jab We Met,Tum Se Hi,"desi pop,filmi,modern bollywood",Mohit Chauhan,73,0.609,0.538,6,-7.842,0.0273,0.328,0.0,0.125,0.608,130.015,321225
spotify:track:6mTvwBzWTGDOVeCNQEqtOE,Airlift,Soch Na Sake,"desi pop,filmi,modern bollywood",Arijit Singh,68,0.505,0.667,9,-5.797,0.0323,0.597,0.0,0.213,0.516,151.728,281323
spotify:track:6m0uNvHh5zG9FJmbxVxD1N,Chalo Chalein,Chalo Chalein,"desi hip hop,desi pop,hindi indie,indian edm",Ritviz,60,0.461,0.5,1,-9.828,0.0614,0.00245,0.03,0.116,0.572,76.176,184371
spotify:track:4r8JqkhpTb5tzSKKHnVJIJ,Anjaana Anjaani,Tujhe Bhula Diya,"desi pop,filmi,modern bollywood",Mohit Chauhan,65,0.644,0.423,11,-8.702,0.0324,0.464,0.0,0.11,0.509,131.903,279429
spotify:track:1EjxJHY9A6LMOlvyZdwDly,Tum Mile (Original Motion Picture Soundtrack),Tum Mile,"desi pop,filmi,indian instrumental,modern bollywood",Pritam,64,0.738,0.798,0,-6.663,0.0334,0.32,5.15e-06,0.31,0.793,123.01,343787
spotify:track:6WbJwl0Dsr9FRXsifwiv1N,Yeh Jo Mohabbat Hai (Original Motion Picture Soundtrack),Tere Bina Jee Na Lage,"desi pop,filmi,modern bollywood",Mohit Chauhan,0,0.575,0.654,5,-8.248,0.0393,0.487,0.0,0.127,0.443,135.014,376347
spotify:track:0ECtOTGgOhHYGiF9dF60oZ,Ajab Prem Ki Ghazab Kahani (Original Motion Picture Soundtrack),"Tera Hone Laga Hoon (From ""Ajab Prem Ki Ghazab Kahani"")","classic pakistani pop,desi pop,filmi,modern bollywood,sufi",Atif Aslam,0,0.682,0.772,8,-5.338,0.0307,0.55,0.0,0.202,0.538,119.984,294176
spotify:track:6MOtIjvSdqWDGHuniwSpyu,Bang Bang (Original Motion Picture Soundtrack),Meherbaan,"desi pop,filmi,modern bollywood",Vishal-Shekhar,0,0.591,0.531,4,-8.677,0.0472,0.629,3.87e-06,0.499,0.478,80.971,307407
spotify:track:4LO5DjN6Tp3UkUvgESuy2t,Humpty Sharma Ki Dulhania (Original Motion Picture Soundtrack),Samjhawan,"desi pop,filmi,modern bollywood",Arijit Singh,62,0.65,0.482,4,-8.667,0.0281,0.293,0.0,0.0811,0.517,106.994,269185
spotify:track:2sURneAotz0wUnak36GzQY,Phata Poster Nikhla Hero (Original Motion Picture Soundtrack),Main Rang Sharbaton Ka,"desi pop,filmi,modern bollywood",Arijit Singh,0,0.383,0.57,6,-9.26,0.04,0.764,0.0,0.082,0.713,90.057,277565
spotify:track:72JWYT4Y02KWfXlSyAdytc,Guddu Rangeela (Original Motion Picture Soundtrack),Sooiyan,"desi pop,filmi,modern bollywood",Arijit Singh,0,0.454,0.505,6,-7.387,0.0316,0.788,0.000107,0.103,0.345,84.985,241103
spotify:track:4JQxGJ8jsKW8pOUVoAgOZr,Andhadhun,Naina Da Kya Kasoor,"desi pop,filmi,modern bollywood",Amit Trivedi,67,0.845,0.659,9,-6.348,0.0373,0.159,0.0129,0.0782,0.547,125.965,210952
spotify:track:2iZeKe5avjtKVmjfSFkpxd,Once Upon A Time In Mumbaai,Tum Jo Aaye,"classic pakistani pop,filmi,modern bollywood,qawwali,sufi",Rahat Fateh Ali Khan,64,0.574,0.841,4,-4.449,0.0948,0.399,1e-06,0.205,0.927,83.706,286444
spotify:track:1NX33DecZrq4ZUGDc47AfN,Ultimate Love Songs - Arijit Singh,"Tera Yaar Hoon Main (From ""Sonu Ke Titu Ki Sweety"")","desi pop,filmi,modern bollywood",Arijit Singh,62,0.566,0.541,10,-5.525,0.0306,0.341,4.45e-06,0.102,0.31,83.939,264806
spotify:track:1awtp7rf6ajhGY9BgzCHeZ,Shivaay,"Darkhaast (feat. Arijit Singh, Sunidhi Chauhan)","desi pop,filmi,modern bollywood",Arijit Singh,65,0.523,0.557,7,-7.799,0.0293,0.813,0.000581,0.0958,0.196,111.766,374205
spotify:track:57jOEZtoLQK4zF2x55bdkp,"Tu Hi Yaar Mera (From ""Pati Patni Aur Woh"")","Tu Hi Yaar Mera (From ""Pati Patni Aur Woh"")","desi pop,filmi,modern bollywood",Arijit Singh,71,0.718,0.382,7,-8.237,0.0466,0.585,0.0,0.128,0.499,87.029,200992
spotify:track:5qtEWwRUX3GKgpWwDQf9SA,Chhichhore,Woh Din,"desi pop,filmi,modern bollywood",Arijit Singh,59,0.652,0.681,0,-7.565,0.0379,0.503,8.2e-06,0.181,0.677,81.489,258036
spotify:track:4vwPirpSJCOiIsgxMV4Xcv,Liggi,Liggi,"desi hip hop,desi pop,hindi indie,indian edm",Ritviz,69,0.786,0.667,5,-8.272,0.054,0.0112,0.053,0.074,0.688,102.046,181176
spotify:track:0biCSADTAblvLTLtJz4pXO,Befikre,Nashe Si Chadh Gayi,"desi pop,filmi,modern bollywood",Arijit Singh,66,0.799,0.784,4,-5.207,0.0519,0.11,2.84e-06,0.227,0.26,96.953,237876
spotify:track:3uL1IBFhg52VcQqOwAG01E,2 States,Mast Magan,"desi pop,filmi,modern bollywood",Arijit Singh,67,0.659,0.774,7,-7.014,0.0372,0.606,0.000333,0.185,0.883,82.995,280161
spotify:track:4bD9z9qa4qg9BhryvYWB7c,Yeh Jawaani Hai Deewani,Kabira,"desi pop,filmi,indian instrumental,modern bollywood",Pritam,72,0.59,0.555,2,-6.861,0.0271,0.481,0.0,0.192,0.191,84.027,223460
spotify:track:4Tkb7zsDmsawB7S5TpKQV1,Pehli Dafa,Pehli Dafa,"classic pakistani pop,desi pop,filmi,modern bollywood,sufi",Atif Aslam,67,0.679,0.537,4,-7.843,0.0322,0.844,3.34e-06,0.108,0.481,111.979,298771
spotify:track:1smFN2CLqGROu0J0UyvDfL,Love Aaj Kal (Original Motion Picture Soundtrack),Shayad,"desi pop,filmi,modern bollywood",Arijit Singh,72,0.483,0.468,8,-7.642,0.0341,0.784,0.0,0.152,0.319,135.875,247941
spotify:track:1feANd8EfcDP5UqSvbheM3,"Bekhayali (From ""Kabir Singh"")","Bekhayali (From ""Kabir Singh"")","desi pop,modern bollywood",Sachet Tandon,66,0.308,0.585,9,-5.18,0.0428,0.45,0.0,0.319,0.345,171.843,371791
spotify:track:1y1rQTkWmrZdJmjwuK07GC,"Kaise Hua (From ""Kabir Singh"")","Kaise Hua (From ""Kabir Singh"")","desi pop,modern bollywood",Vishal Mishra,69,0.385,0.464,2,-6.975,0.0404,0.452,0.0,0.109,0.15,137.839,234722
spotify:track:5ZsAhuQ24mWHiduaxJqnhW,Ved,Udd Gaye,"desi hip hop,desi pop,hindi indie,indian edm",Ritviz,66,0.595,0.817,11,-6.187,0.0474,0.000712,0.0386,0.142,0.483,144.961,180414
spotify:track:43mHckutQvJr49nT0UvRxy,Ved,Sage,"desi hip hop,desi pop,hindi indie,indian edm",Ritviz,62,0.663,0.412,5,-8.195,0.364,0.00434,0.019,0.215,0.356,98.023,230204
spotify:track:2FCXQHugkoHE1K3tiDu8pu,Love Forever With Arijit Singh,"Agar Tum Saath Ho (From ""Tamasha"")","desi pop,filmi,modern bollywood",Arijit Singh,69,0.562,0.519,3,-8.744,0.0326,0.557,0.000268,0.172,0.415,122.925,341055
spotify:track:5lrA2NzUxmBjKr2tCZfMtl,"Ik Vaari Aa (From ""Raabta"")","Ik Vaari Aa (From ""Raabta"")","desi pop,filmi,modern bollywood",Arijit Singh,59,0.512,0.752,4,-4.857,0.0534,0.305,0.0,0.708,0.428,127.965,274687
spotify:track:7F8RNvTQlvbeBLeenycvN6,Rockstar,Kun Faya Kun,"desi pop,filmi,modern bollywood",A.R. Rahman,68,0.362,0.378,1,-11.008,0.0329,0.679,0.0,0.091,0.575,87.549,470500
spotify:track:6nZiYSBwPQ7fYnVWkkkj4g,Baar Baar Dekho (Original Motion Picture Soundtrack),Kho Gaye Hum Kahan,"desi pop,filmi,indian singer-songwriter,modern bollywood",Jasleen Royal,69,0.778,0.227,1,-16.191,0.0379,0.983,0.14,0.113,0.38,116.033,213056
spotify:track:6pzlnyHTVYi5FOmrgOmC95,Kedarnath,Jaan 'Nisaar (Arijit),"desi pop,filmi,modern bollywood",Arijit Singh,69,0.481,0.392,4,-8.2,0.0246,0.478,0.0,0.122,0.257,91.796,238370
spotify:track:1O5mTSQa0sCce9ghhDqIZl,Jodhaa Akbar (Original Motion Picture Soundtrack),Jashn-E-Bahaaraa,"desi pop,filmi,modern bollywood",A.R. Rahman,69,0.7,0.343,2,-10.474,0.0308,0.767,0.0,0.0789,0.488,137.864,315173
spotify:track:4iFPsNzNV7V9KJgcOX7TEO,Ajab Prem Ki Ghazab Kahani (Original Motion Picture Soundtrack),Tu Jaane Na,"classic pakistani pop,desi pop,filmi,modern bollywood,sufi",Atif Aslam,70,0.702,0.86,7,-3.969,0.0345,0.361,1.33e-06,0.133,0.829,120.042,341933
spotify:track:2Fv2injs4qAm8mJBGaxVKU,"Tujhe Kitna Chahne Lage (From ""Kabir Singh"")","Tujhe Kitna Chahne Lage (From ""Kabir Singh"")","desi pop,filmi,modern bollywood",Arijit Singh,70,0.427,0.396,11,-7.556,0.0366,0.736,0.0,0.11,0.306,70.368,284780
spotify:track:4e9dIemIXO8Tzg0k4aWujk,"Raabta (Title Track) [From ""Raabta""]","Raabta (Title Track) [From ""Raabta""]","desi pop,filmi,modern bollywood",Arijit Singh,57,0.636,0.701,5,-6.825,0.0363,0.414,0.0,0.106,0.352,113.886,297158
spotify:track:4nydCE0L7G13XLKPzvLlNs,Mary Kom,Sukoon Mila,"desi pop,filmi,modern bollywood",Arijit Singh,62,0.634,0.378,9,-8.367,0.0295,0.566,0.0,0.0919,0.527,123.949,200438
spotify:track:4cNbz1UdBCrnGOg0NNP1iF,Aiyaary,Lae Dooba,"desi pop,filmi,modern bollywood,sufi",Sunidhi Chauhan,64,0.569,0.297,6,-8.639,0.0292,0.879,0.0,0.0938,0.466,89.96,229878
spotify:track:3aaiAWCet6sbfOfLSn3g7i,Bajrangi Bhaijaan,Tu Chahiye,"classic pakistani pop,desi pop,filmi,modern bollywood,sufi",Atif Aslam,58,0.565,0.744,7,-5.817,0.0446,0.403,0.0,0.0853,0.415,134.068,272680
spotify:track:0zHZSO80CTxNtvtRhveHRJ,Baar Baar Dekho (Original Motion Picture Soundtrack),Sau Aasmaan,"desi pop,filmi,modern bollywood",Armaan Malik,64,0.63,0.729,6,-4.93,0.0287,0.123,8e-06,0.0786,0.44,127.919,234737
spotify:track:2IoZMG3RqiTmsy7Li3zGFg,"Mere Sohneya (From ""Kabir Singh"")","Mere Sohneya (From ""Kabir Singh"")","desi pop,modern bollywood",Sachet Tandon,62,0.376,0.643,9,-5.713,0.0411,0.558,0.0,0.217,0.646,136.224,193356
spotify:track:0mJTAdmY8olbGQjopDYff3,Vaaste,Vaaste,"desi pop,modern bollywood",Dhvani Bhanushali,66,0.444,0.479,5,-5.586,0.0436,0.454,0.0,0.095,0.315,89.892,196044
spotify:track:7txLCGOXyDlDXTjtR1Sk4v,Bajrangi Bhaijaan,Tu Jo Mila,"desi pop,filmi,modern bollywood",KK,62,0.576,0.591,0,-7.725,0.0332,0.795,6.85e-05,0.266,0.478,124.013,242864
spotify:track:77gskLti3ilCnuwlDq0m8j,2016 Shinning Star - Arijit Singh,"Phir Kabhi (From ""M.S.Dhoni - The Untold Story"")","desi pop,filmi,modern bollywood",Arijit Singh,56,0.405,0.665,4,-5.498,0.0328,0.614,0.0,0.525,0.404,81.921,287422
spotify:track:0LRcXYhaWLqbs1wvSV0o9u,Baar Baar Dekho (Original Motion Picture Soundtrack),Dariya,"desi pop,filmi,modern bollywood",Arko,66,0.581,0.424,8,-6.616,0.0269,0.723,0.0,0.101,0.352,98.936,217992
spotify:track:3bZPdEskcnMdepwCaDSJRl,I Hate Luv Storys (Original Motion Picture Soundtrack),Bin Tere,"desi pop,filmi,modern bollywood,sufi",Sunidhi Chauhan,61,0.585,0.698,9,-6.261,0.0392,0.42,3.59e-06,0.363,0.621,139.831,330360
spotify:track:46elU7IBKWf55D5sjHGqO7,Zindagi Na Milegi Dobara,Dil Dhadakne Do,"filmi,modern bollywood",Suraj Jagan,60,0.778,0.599,2,-4.758,0.032,0.0705,0.0,0.59,0.949,116.951,230319
spotify:track:723xQva0yBF7M6K3nDAG8R,Zindagi Na Milegi Dobara,Sooraj Ki Baahon Mein,"filmi,modern bollywood",Clinton Cerejo,64,0.855,0.553,11,-6.52,0.0331,0.19,5.19e-06,0.0942,0.874,124.922,202919
spotify:track:3TAhWtQnpoL5Vl9VQPl9fU,Zindagi Na Milegi Dobara,Senorita,"desi pop,filmi,modern bollywood",Farhan Akhtar,62,0.701,0.681,9,-6.442,0.0466,0.134,0.0,0.064,0.81,122.539,229576
spotify:track:0yCWDaAgOtg6TKlNCg9rwA,The Carnival,Tu Aake Dekhle,"desi hip hop,desi pop,hindi hip hop",King,79,0.77,0.84,11,-4.022,0.107,0.515,0.00452,0.145,0.192,96.012,270000
spotify:track:3APdIdF8H0jsxSuGOqXedS,Jaane Tu... Ya Jaane Na,Kabhi Kabhi Aditi,"filmi,modern bollywood",Rashid Ali,71,0.791,0.558,7,-7.155,0.0661,0.276,0.0,0.0859,0.872,95.077,218836
spotify:track:6M2UnI1LnXuXlWU54CKmKx,Dostana (Original Motion Picture Soundtrack),Jaane Kyun,"desi hip hop,desi pop,filmi,modern bollywood",Vishal Dadlani,56,0.778,0.812,4,-8.561,0.046,0.0573,8.28e-06,0.243,0.791,99.962,277987
spotify:track:2hTn8oS49IQULxAWs7hEBz,Sakhiyan2.0 - BellBottom,Sakhiyan2.0,"desi hip hop,desi pop,punjabi pop",Maninder Buttar,67,0.817,0.715,9,-5.13,0.0484,0.183,0.0,0.214,0.398,100.002,177695
spotify:track:43GfQ1SC17rBWiHkOtdwK8,Jab Koi Baat - Recreated,Jab Koi Baat - Recreated,"classic pakistani pop,desi pop,filmi,modern bollywood,sufi",Atif Aslam,66,0.667,0.621,5,-5.697,0.0271,0.47,4.15e-05,0.13,0.451,106.032,192229
spotify:track:5fwRhPXAvGgzUxW62ZCvEg,Zeher,Woh Lamhe Woh Baatein,"classic pakistani pop,desi pop,filmi,modern bollywood,sufi",Atif Aslam,63,0.465,0.822,8,-4.826,0.066,0.136,0.000442,0.0898,0.405,89.761,320040
spotify:track:3HFjh7QljnUCBLsoTwMuTj,Woh Lamhe,Kya Mujhe Pyar Hai,"desi pop,filmi,modern bollywood",KK,65,0.644,0.818,6,-5.924,0.0549,0.431,2.62e-05,0.0806,0.789,118.477,266653
spotify:track:61IEe4ujPKOU7OIyubydfz,Boondein,Dooba Dooba,"filmi,modern bollywood",Silk Route,53,0.716,0.562,5,-8.741,0.0315,0.529,0.000133,0.0928,0.533,105.004,303020
spotify:track:3vqJY3pVELLIxqXXyI08yr,Rang De Basanti (Original Motion Picture Soundtrack),Roobaroo,"desi pop,filmi,modern bollywood",A.R. Rahman,58,0.675,0.582,9,-8.891,0.0277,0.661,5.56e-06,0.0854,0.538,120.991,282973
spotify:track:6w458kA8WOAIZr1ublxnK9,Tamasha,Safarnama,"desi pop,filmi,modern bollywood",Lucky Ali,62,0.541,0.512,9,-10.203,0.0291,0.74,0.000528,0.162,0.203,120.036,251402
spotify:track:0hVXFWS00liq3W2YAQUma4,Anjaana Anjaani,Aas Paas Khuda (Unplugged),"classic pakistani pop,filmi,modern bollywood,qawwali,sufi",Rahat Fateh Ali Khan,49,0.453,0.305,5,-7.578,0.0293,0.881,0.0,0.133,0.543,79.0,204234
spotify:track:3MVPReTwLNOBFb6KjiIRNM,Jackpot,Kabhi Jo Baadal Barse,"desi pop,filmi,modern bollywood",Arijit Singh,60,0.451,0.449,0,-6.702,0.0293,0.261,0.0,0.143,0.217,149.768,254300
spotify:track:648GXyKI62FhbeBq0levWr,Salaam-E-Ishq,Dil Kya Kare,"classic bollywood,classic pakistani pop,desi pop,filmi,modern bollywood",Adnan Sami,60,0.76,0.547,7,-9.386,0.0351,0.0957,1.04e-05,0.12,0.667,95.023,327880
spotify:track:4peiaLdhDgUgQ646Gpbvh3,Love Aaj Kal,"Dooriyan (From ""Love Aaj Kal"")","desi pop,filmi,modern bollywood",Mohit Chauhan,40,0.517,0.716,7,-6.582,0.0509,0.611,0.0,0.11,0.594,122.952,337360
spotify:track:52itZ0w0CydihB2JCZEIft,Once Upon A Time In Mumbaai,Pee Loon,"desi pop,filmi,modern bollywood",Mohit Chauhan,67,0.656,0.721,8,-5.064,0.0364,0.277,0.000139,0.188,0.883,83.95,285687
spotify:track:5zcfnScTSFGCHGY1yeXWke,The Dirty Picture,Ishq Sufiyana (Male),"desi pop,punjabi pop",Kamal Khan,63,0.511,0.622,10,-6.184,0.0435,0.0662,7.78e-05,0.0465,0.387,85.349,325257
spotify:track:48pyUxg9RYuwie5M9R7qRn,Roy,Sooraj Dooba Hain,"desi pop,filmi,modern bollywood",Arijit Singh,62,0.616,0.75,2,-4.629,0.0594,0.172,0.0,0.137,0.434,128.051,264854
spotify:track:4J5OpeZUR2msDPfMsIeGSU,RAAZ - The Mystery Continues (Original Motion Picture Soundtrack),Soniyo,"desi pop,filmi,modern bollywood",Shreya Ghoshal,57,0.637,0.591,9,-6.117,0.0342,0.504,3.29e-06,0.135,0.48,119.956,328440
spotify:track:6WediUhXDfm8FR3wlM0r3G,Desi Boyz,Subha Hone Na De,"desi hip hop,desi pop,filmi,modern bollywood",Mika Singh,64,0.727,0.9,8,-4.529,0.0452,0.0805,0.0464,0.154,0.505,131.97,288696
spotify:track:3tgdOveYac7YMEAQD9sGLf,Sultan,Bulleya,"desi pop,filmi,indian folk,modern bollywood",Papon,58,0.675,0.579,4,-11.976,0.0308,0.369,3.38e-06,0.118,0.724,97.01,357068
spotify:track:2BeY2dQPbD8xYxx3yhBTVD,Table No. 21,"Mann Mera (From ""Table No. 21"")","desi pop,filmi,modern bollywood",Gajendra Verma,48,0.54,0.774,1,-7.873,0.0444,0.0524,0.0,0.142,0.384,191.809,198125
spotify:track:2sf68yQb5MwLJQlprSWa3N,Raanjhana,Raanjhana,"desi pop,filmi,modern bollywood",Arijit Singh,52,0.29,0.621,8,-9.003,0.0498,0.118,0.0,0.142,0.498,167.229,273929
spotify:track:3beYHVCFKzbdNjJqjKeYpM,Murder 3 (Original Motion Picture Soundtrack),Teri Jhuki Nazar,"desi pop,filmi,indian instrumental,modern bollywood",Pritam,63,0.386,0.815,11,-3.395,0.0417,0.707,0.0,0.159,0.349,124.293,279187
spotify:track:7uxL87sR0eqdTRYvDaKg7F,"Mehram (From ""Dr. Arora"")","Mehram (From ""Dr. Arora"")","desi pop,filmi,modern bollywood",Arijit Singh,54,0.341,0.46,2,-11.198,0.0515,0.627,0.0134,0.221,0.281,86.257,258021
spotify:track:2WUTAX3XiWnpXeyjdokgqF,Creature 3D,Hum Naa Rahein Hum,"desi hip hop,desi pop,filmi,modern bollywood",Benny Dayal,36,0.694,0.527,6,-6.07,0.0479,0.606,3.27e-05,0.12,0.413,76.993,315079
spotify:track:7KzGAwJRYS9KLMuVnStqYN,"I, Me Aur Main",Saajna,,Falak Shabbir,54,0.667,0.779,1,-4.115,0.0274,0.252,2.08e-05,0.314,0.557,105.96,281510
spotify:track:2ygS9eInDfG5prFbeeiEYC,Sha- Dobara,Sha- Dobara,modern bollywood,Shashwat Sachdev,52,0.739,0.378,10,-10.378,0.0392,0.737,0.00488,0.184,0.475,85.021,192541
spotify:track:40JXowDwcXJ3C7Xbcaimo3,Purani Jeans (Original Motion Picture Soundtrack),Dil Aaj Kal,"desi pop,filmi,modern bollywood",KK,36,0.568,0.592,8,-5.427,0.0447,0.393,2.21e-05,0.0965,0.327,173.841,320000
spotify:track:5b69IDQ5iucbkWWgJLdnHr,Lagda Na Jee,Lagda Na Jee,,Sahil Sobti,37,0.705,0.637,8,-5.247,0.0664,0.303,0.0,0.166,0.386,88.116,175227
spotify:track:3jPWd7NpYoaGVUSbJh9Xca,Best Of Arijit Singh 2017,Meet,"desi pop,filmi,modern bollywood",Arijit Singh,50,0.554,0.488,5,-8.079,0.0307,0.589,0.0,0.136,0.539,95.949,215412
spotify:track:27FjnefSYiOgaG6jhytdE2,3G - A Killer Connection,Kaise Bataaoon,"desi pop,filmi,modern bollywood",KK,39,0.677,0.503,11,-7.144,0.0524,0.705,3.7e-06,0.104,0.37,107.693,281611
spotify:track:6Bx8qdWaMNtaWmp7gMyaeT,Jaanam - Single,Jaanam,,Brite Roy,23,0.637,0.41,4,-8.736,0.0273,0.553,6.17e-06,0.114,0.403,86.046,209302
spotify:track:2gXZp1zDDA5bnPsLwrSMRj,Bhaag Johnny,Kinna Sona,,Sunil Kamath,62,0.716,0.626,1,-5.274,0.0347,0.608,8.26e-06,0.191,0.467,120.021,303756
spotify:track:1mYcukuz7uow0wc7DmPXHU,"Rozana (From ""Naam Shabana"")",Rozana,"desi pop,filmi,modern bollywood",Shreya Ghoshal,59,0.434,0.378,8,-8.7,0.029,0.766,0.000136,0.115,0.291,92.982,274202
spotify:track:4IGfpRPTnhzZyL74Ilubrb,Gangster,Tu Hi Meri Shab Hai,"desi pop,filmi,modern bollywood",KK,64,0.568,0.726,9,-6.087,0.0366,0.491,0.000764,0.122,0.564,118.842,387947
spotify:track:5nHwX7e5XHnie22nuTFgda,Kites,Dil Kyun Yeh Mera,"desi pop,filmi,modern bollywood",KK,63,0.486,0.382,6,-6.183,0.0286,0.613,8.56e-05,0.149,0.164,125.918,333200
spotify:track:4uK0M8AI6gyFmyzUneQpbi,"Rait Zara Si (From ""Atrangi Re"")","Rait Zara Si (From ""Atrangi Re"")","desi pop,filmi,modern bollywood",Arijit Singh,71,0.563,0.495,2,-10.272,0.0362,0.781,0.0,0.0837,0.244,125.998,291462
spotify:track:2LqxRz84hOXrN8yzVnb6bG,GTBT,Inn Aankho Ne,,BIAS,18,0.757,0.333,0,-6.917,0.0384,0.479,8.3e-05,0.118,0.325,99.952,260404
spotify:track:5b7u3idwfY2LyqMQlCwscm,2016 Shinning Star - Palak Muchhal,"Kaun Tujhe (From ""M.S.Dhoni - The Untold Story"")","desi pop,filmi,modern bollywood",Palak Muchhal,64,0.531,0.431,2,-8.937,0.037,0.868,2.47e-05,0.127,0.19,107.99,241449
spotify:track:3x55c9UVpbURc2T02DLfEM,Dum Maaro Dum,Te Amo (Duet),"desi pop,filmi,modern bollywood,sufi",Sunidhi Chauhan,59,0.594,0.757,11,-5.381,0.0504,0.606,0.0,0.251,0.597,127.894,284723
spotify:track:6cUOiOY5qh2FpIQWIYAd2h,Love Aaj Kal (Original Motion Picture Soundtrack),Mehrama,"desi pop,gujarati pop,modern bollywood",Darshan Raval,68,0.56,0.631,7,-9.032,0.0334,0.861,0.0133,0.0985,0.376,107.987,249416
spotify:track:7ByBwl4UhW1fAPAeQkkIRC,Ro Raha Hoon,Ro Raha Hoon,,Hiteshsk,11,0.551,0.543,10,-11.027,0.0784,0.56,0.0235,0.113,0.11,184.154,170870
spotify:track:5aU0fpmu2sdYJVOHVHCz5s,Singh Is Kinng,Teri Ore,"desi pop,filmi,modern bollywood",Shreya Ghoshal,61,0.467,0.791,2,-4.678,0.0948,0.168,0.0,0.253,0.695,83.354,339644
spotify:track:5WncH5iZ5GFlnXm7jKEXVP,Bhool Bhulaiyaa,Labon Ko,"desi pop,filmi,modern bollywood",KK,64,0.63,0.837,9,-4.635,0.0387,0.329,0.00271,0.159,0.473,107.997,341028
spotify:track:2tva3nN2kQhBjHMC7Zlty6,Raaz 3,Deewana Kar Raha Hai,"desi pop,filmi,modern bollywood,sufi",Javed Ali,58,0.538,0.736,11,-6.113,0.109,0.37,0.0,0.124,0.644,147.89,338923
spotify:track:4TobDQpylJNxkXMH1QUvTp,Tum Mile (Original Motion Picture Soundtrack),Tum Mile - Love Reprise,"desi pop,filmi,indian instrumental,modern bollywood",Pritam,57,0.589,0.626,0,-5.684,0.0273,0.777,1.97e-06,0.13,0.443,114.915,303320
spotify:track:4OcvkkpF3xmyCGGY5IBlgi,Best Of Akhil Sachdeva,"Tera Ban Jaunga (From ""Kabir Singh"")","desi pop,filmi,modern bollywood",Tulsi Kumar,60,0.605,0.53,11,-6.346,0.0246,0.822,0.0,0.131,0.399,93.951,236437
spotify:track:3FLJR1N1dxOYEpZCsTX8p6,Bareilly Ki Barfi,Nazm Nazm feat. Ayushmann Khurana,"desi pop,filmi,modern bollywood",Ayushmann Khurrana,63,0.555,0.496,9,-7.175,0.0329,0.64,0.0,0.0767,0.391,82.229,194634
spotify:track:6vuMdb0E8buJeSHArN3dXk,"Chale Aana (From ""De De Pyaar De"")","Chale Aana (From ""De De Pyaar De"")","desi pop,filmi,modern bollywood",Armaan Malik,62,0.368,0.587,6,-6.676,0.0378,0.309,0.0,0.149,0.391,143.687,271023
spotify:track:47l2Dd3XPBLio3kjbEMyDJ,Jannat 2 (Original Motion Picture Soundtrack),Tujhe Sochta Hoon,"desi pop,filmi,modern bollywood",KK,61,0.579,0.712,0,-6.119,0.0308,0.259,0.000253,0.18,0.486,80.998,313933
spotify:track:7aE1lfskJLMHQnzCCP1zsV,Best Of Akhil Sachdeva,"Humsafar (From ""Badrinath Ki Dulhania"")","desi pop,modern bollywood",Akhil Sachdeva,63,0.319,0.552,7,-6.401,0.0307,0.719,0.0,0.144,0.221,93.991,268463
spotify:track:6gwnKOvdBKkTU4CQ7KpIAu,"Bandeya (feat. Arijit Singh) [From ""Dil Juunglee""]","Bandeya (feat. Arijit Singh) - From ""Dil Juunglee""","desi pop,filmi,modern bollywood",Arijit Singh,68,0.465,0.551,7,-6.58,0.0362,0.619,6.03e-06,0.109,0.415,89.459,184666
spotify:track:55LK166LWHOpXOroZ5g82J,The Shaukeens,Meherbani,"desi pop,filmi,hare krishna,modern bollywood",Jubin Nautiyal,64,0.41,0.455,4,-8.071,0.0316,0.731,0.0,0.185,0.361,90.993,243592
spotify:track:5NdVbWjNxxzv3SMxtINLu2,"Nai Lagda (From ""Notebook"")","Nai Lagda (From ""Notebook"")","desi pop,filmi,modern bollywood",Asees Kaur,59,0.514,0.548,2,-7.145,0.0381,0.669,0.0,0.0849,0.383,153.794,287107
spotify:track:22DrqPUQfcOkv6QmjvHFcB,Jalebi (Original Motion Picture Soundtrack),Mera Pyar Tera Pyar,"desi pop,filmi,modern bollywood",Arijit Singh,56,0.638,0.471,7,-7.025,0.0258,0.825,0.0,0.0993,0.381,99.017,275371
spotify:track:35XOutkHJChtKfO4kG6CED,Coke Studio: Season 9,Tera Woh Pyar (Nawazishein Karam),,Various Artists,0,0.317,0.611,11,-5.27,0.0309,0.501,0.0,0.104,0.422,109.937,425000
spotify:track:4PwTeFfKqmR3XIeXXUBDOf,"Maiyya Mainu (From ""Jersey"")","Maiyya Mainu (From ""Jersey"")","desi pop,modern bollywood",Sachet Tandon,77,0.63,0.739,0,-3.942,0.0248,0.194,0.0,0.113,0.224,109.985,231576
spotify:track:2QRc8jYol5Xsxyf6nYoYXW,Romantic Hits By Jubin Nautiyal,"Humnava Mere (From ""Humnava Mere"")","desi pop,filmi,hare krishna,modern bollywood",Jubin Nautiyal,45,0.4,0.553,5,-8.263,0.0337,0.471,2.96e-06,0.124,0.365,79.269,328992
spotify:track:30CDYWqqitNHUa0DGaUeIE,"Jaan Ban Gaye (From ""Khuda Haafiz"")",Jaan Ban Gaye,"desi pop,filmi,modern bollywood,sufi",Mithoon,68,0.537,0.419,11,-11.585,0.0414,0.76,1.07e-05,0.107,0.292,132.261,211674
spotify:track:1hQia6rxgfM1ly2hE3StWp,Student of the Year (Original Motion Picture Soundtrack),Ishq Wala Love,"desi pop,filmi,modern bollywood",Vishal-Shekhar,68,0.711,0.295,0,-12.377,0.0334,0.534,4.51e-05,0.0782,0.694,135.041,257973
spotify:track:7eNSk0grNnO7MqjLZzs6MM,Shamshera,Fitoor,"desi pop,filmi,modern bollywood",Arijit Singh,75,0.516,0.481,0,-9.234,0.0433,0.819,2.87e-06,0.0893,0.212,138.997,308460
spotify:track:32765xcLM1fd6wQIpkN9A0,Hamari Adhuri Kahani (Original Motion Picture Soundtrack),Hasi - Male Version,"desi pop,modern bollywood",Ami Mishra,68,0.296,0.581,6,-5.945,0.0338,0.433,0.0,0.0577,0.231,147.935,272669
spotify:track:0gPgdRfB4jdGrlyXS0Vx78,Bachna Ae Haseeno,Khuda Jaane,"desi pop,filmi,modern bollywood",KK,70,0.382,0.632,8,-6.393,0.0411,0.391,0.000486,0.0922,0.716,78.936,333584
spotify:track:6VVk2FTcV6GrKMSP1BqZNy,Teri Saansein,Teri Saansein,,Nil Dey,22,0.557,0.24,2,-12.879,0.0368,0.964,0.113,0.0948,0.118,125.047,190155
spotify:track:5ajfRrXpInejkZUxZOX6Rm,Parmanu (Original Motion Picture Soundtrack),Jitni Dafa,"desi pop,filmi,modern bollywood",Jeet Gannguli,63,0.643,0.513,10,-7.355,0.0253,0.832,0.000852,0.143,0.25,95.976,222302
spotify:track:0M9UxL5CebtmlijPMH6KfW,"Ek Dil Ek Jaan (From ""Padmaavat"")","Ek Dil Ek Jaan (From ""Padmaavat"")",modern bollywood,Sanjay Leela Bhansali,57,0.528,0.664,2,-7.262,0.0377,0.226,0.0,0.121,0.109,97.893,219870
spotify:track:3s6H6UW7yPu2rsF8CGki60,Kites,Zindagi Do Pal Ki,"desi pop,filmi,modern bollywood",KK,59,0.678,0.771,6,-2.849,0.0266,0.0277,0.00253,0.149,0.462,105.976,253200
spotify:track:4wqyrrwu6HCZWqdbOx53JX,"Humnava (From ""Hamari Adhuri Kahani"")","Humnava (From ""Hamari Adhuri Kahani"")","desi pop,filmi,modern bollywood,sufi",Mithoon,51,0.341,0.478,4,-7.201,0.041,0.781,2.07e-05,0.147,0.276,199.435,328854
spotify:track:1xM94gXmm5mqZMXIKXF7Pu,Love Mashup 2016 (By Kiran Kamath),Love Mashup 2016 (By Kiran Kamath),"desi pop,filmi,modern bollywood",Arijit Singh,40,0.296,0.756,2,-4.325,0.0592,0.0193,0.0,0.0716,0.278,86.577,287191
spotify:track:2b2HutIDmoeBnnKRWDLAtV,Murder 2,Phir Mohabbat,"desi pop,filmi,modern bollywood",Arijit Singh,62,0.461,0.481,0,-6.389,0.0327,0.789,1.01e-06,0.127,0.262,199.807,329851
spotify:track:1SDzEed9leGGDVJIv2GPUE,The Train,Mausam,"desi pop,filmi,modern bollywood,sufi",Mithoon,54,0.37,0.717,5,-7.489,0.0407,0.252,2.5e-05,0.497,0.36,163.815,341821
spotify:track:3Kl8p2PxVf8eAayLwTxOIm,Tum Mile (Original Motion Picture Soundtrack),Dil Ibaadat,"desi pop,filmi,modern bollywood",KK,68,0.59,0.859,2,-5.005,0.0416,0.633,0.0,0.286,0.634,149.966,329387
spotify:track:0Sw7dhcGlUvIl2NkNejvmZ,Sanak (Original Motion Picture Soundtrack),Suna Hai,"desi pop,filmi,hare krishna,modern bollywood",Jubin Nautiyal,57,0.462,0.472,4,-6.913,0.0281,0.726,0.000107,0.136,0.238,116.777,193333
spotify:track:7u5B4ptccyg8T7NPfByhE7,Chandni Chowk To China,Tere Naina,"desi pop,filmi,modern bollywood",Shreya Ghoshal,58,0.758,0.377,6,-10.224,0.0511,0.544,7.65e-05,0.0904,0.624,139.932,255721
spotify:track:14uXhHNINQqjl2hngD21s9,Tera Chehra,Tera Chehra,"classic bollywood,classic pakistani pop,desi pop,filmi,modern bollywood",Adnan Sami,62,0.646,0.562,11,-9.157,0.0331,0.523,0.0021,0.104,0.488,100.0,392526
spotify:track:53DXM0bHfB7xkqJZYlksuh,Ghajini,Kaise Mujhe,"desi pop,filmi,modern bollywood",Shreya Ghoshal,59,0.59,0.414,10,-12.391,0.0346,0.781,0.000522,0.146,0.292,82.002,343742
spotify:track:3yx02ziIDzNaiNS2np8rfZ,Ishq Wali Baarish,Ishq Wali Baarish,,Altaaf Sayyed,29,0.676,0.54,7,-5.587,0.0277,0.722,0.0,0.319,0.577,122.023,230656
spotify:track:1CVqr5LImdmJ1Upt4z08Pm,Jannat 2 (Original Motion Picture Soundtrack),Tu Hi Mera,"desi pop,filmi,indian instrumental,modern bollywood",Pritam,60,0.621,0.859,11,-4.673,0.102,0.546,0.0,0.11,0.873,90.047,272973
spotify:track:1mjWhM7GQTTxJxg2F0iCRS,"Dil Mein Ho Tum (From ""Cheat India"")","Dil Mein Ho Tum (From ""Cheat India"")","desi pop,filmi,modern bollywood",Armaan Malik,60,0.608,0.653,8,-7.573,0.0427,0.507,0.000243,0.107,0.423,86.933,326765
spotify:track:2F2AajEbnO0e5CMlLsReUc,Kyun,Kyun,"desi pop,filmi,modern bollywood",Jyotica Tangri,46,0.569,0.658,1,-5.012,0.0351,0.5,0.0,0.129,0.712,77.187,208831
spotify:track:7l5Z4Z3eRvdC9MV1sdk0Ri,Best Of Neha Kakkar 2017,Kabira-Naina,"desi pop,filmi,modern bollywood",Neha Kakkar,48,0.471,0.586,4,-4.766,0.0511,0.534,0.0,0.0741,0.363,172.295,319626
spotify:track:4xkEOanH8gqgCFfipYzeMA,Music Therapy - Soulful Music,"Maula Mere Maula (From ""Anwar"")","classic bollywood,desi pop,filmi,modern bollywood,sufi",Roop Kumar Rathod,27,0.548,0.737,0,-7.865,0.0386,0.458,0.00806,0.091,0.412,119.961,364330
spotify:track:3OLFqbd9ZeVjaUKTiaLsD6,Tum Mile (Original Motion Picture Soundtrack),Tu Hi Haqeeqat,"desi pop,filmi,indian instrumental,modern bollywood",Pritam,63,0.705,0.744,4,-5.416,0.0341,0.582,0.0,0.2,0.706,115.959,302027
spotify:track:4vgCpNUUcpEIBifidhQOnR,Jannat (Original Motion Picture Soundtrack),Haan Tu Hain,"desi pop,filmi,modern bollywood",KK,64,0.415,0.904,2,-3.586,0.104,0.718,0.0,0.0739,0.729,83.648,324880
spotify:track:1tKhy83q8OsdcpZaX9N4Z2,Jism 2,Abhi Abhi,"desi pop,filmi,modern bollywood",KK,58,0.566,0.634,2,-5.551,0.0443,0.145,0.000716,0.0814,0.36,143.89,342669
spotify:track:2ILhVeTkbDAYEvesCCBsNo,Kabhi Alvida Naa Kehna (Original Motion Picture Soundtrack),Tumhi Dekho Naa,"desi pop,filmi,modern bollywood",Sonu Nigam,59,0.525,0.448,2,-10.365,0.0391,0.572,1.51e-05,0.107,0.356,81.131,347453
spotify:track:62RXe5I6L7n32fUMd8Puvo,Kabir Singh,Yeh Aaina,"desi pop,filmi,modern bollywood",Shreya Ghoshal,60,0.552,0.428,2,-9.433,0.0346,0.607,0.00125,0.115,0.197,131.745,311368
spotify:track:5mp7og60TpyNiKi2p9Morw,Behen Hogi Teri,Tenu Na Bol Pawaan,"desi pop,filmi,modern bollywood",Yasser Desai,63,0.557,0.487,8,-7.244,0.0231,0.515,0.0,0.112,0.395,98.082,295353
spotify:track:1uwCYPAgiy5d7lPJvf0gf8,One Night Stand,Ijazat,"desi pop,filmi,modern bollywood",Arijit Singh,51,0.519,0.463,6,-8.88,0.0264,0.327,0.0,0.106,0.224,94.965,288964
spotify:track:6pe0FG3XseFHT3SaaMw5M5,"Valam (From ""Made in China"")","Valam (From ""Made in China"")","desi pop,filmi,modern bollywood",Arijit Singh,47,0.641,0.468,0,-8.068,0.0286,0.589,0.0,0.0774,0.301,91.985,195652
spotify:track:7huM7xImcrQOjj6C2FCioS,"Thoda Aur (From ""Ranchi Diaries"")",Thoda Aur,"desi pop,filmi,modern bollywood",Arijit Singh,45,0.533,0.649,7,-7.91,0.101,0.592,0.000701,0.1,0.571,179.965,248951
spotify:track:7r7PJJSvVPCAQK4h0vc7xT,Bol Kaffara Kya Hoga - Dj Chetas,Bol Kaffara Kya Hoga - Dj Chetas,"desi pop,filmi,modern bollywood",Neha Kakkar,58,0.586,0.847,1,-5.167,0.0556,0.559,0.0,0.161,0.685,81.996,207073
spotify:track:7GviKiN4Ah440NQmENzPwN,Arijit Singh Broken Strings,"Itni Si Baat Hain (From ""Azhar"")","desi pop,filmi,modern bollywood",Arijit Singh,51,0.559,0.768,2,-4.77,0.0656,0.494,0.0,0.0844,0.289,155.777,294847
spotify:track:05REArTDZQd59A9Y4XC0Aq,Ragini Mms 2,Maine Khud Ko,"desi hip hop,desi pop,filmi,modern bollywood,pakistani pop",Mustafa Zahid,59,0.648,0.52,7,-8.543,0.0249,0.674,0.00129,0.0821,0.492,102.975,329072
spotify:track:7LGgRybx6vnACSRnYcGmMl,Jannat (Original Motion Picture Soundtrack),Judai,"desi pop,filmi,indian instrumental,modern bollywood",Pritam,57,0.677,0.837,8,-4.814,0.0646,0.237,0.0013,0.115,0.829,111.934,302400
spotify:track:5G7pZ8G8NFvS1MQ9H4L7dC,Pal,Pal,"desi pop,filmi,modern bollywood",Arijit Singh,69,0.51,0.502,7,-7.016,0.0325,0.71,0.0,0.0708,0.321,133.885,247286
spotify:track:4rSmmC6OYmjVOYxr8ruVWN,Crook (Original Motion Picture Soundtrack),Mere Bina,"desi pop,filmi,indian instrumental,modern bollywood",Pritam,65,0.511,0.767,2,-5.699,0.0524,0.651,0.0,0.153,0.463,79.923,289560
spotify:track:4M513o3dSYspKeT6UNJpcx,Tum Bin 2,Ishq Mubarak,"desi pop,filmi,modern bollywood",Arijit Singh,56,0.48,0.736,0,-6.477,0.0363,0.424,3.92e-06,0.128,0.642,93.944,296600
spotify:track:0lpDlWrV0Cw3eGGvPU6d3R,"Gazab Ka Hai Din (From ""Dil Juunglee"")","Gazab Ka Hai Din (From ""Dil Juunglee"")","desi pop,filmi,hare krishna,modern bollywood",Jubin Nautiyal,56,0.325,0.421,2,-8.636,0.0561,0.659,4.46e-06,0.0825,0.204,170.363,236325
spotify:track:7EjatvVN2Y2GjpvKSyWJR4,Life In A Metro (Original Motion Picture Soundtrack),Alvida,"desi pop,filmi,modern bollywood",KK,57,0.287,0.654,2,-5.57,0.0374,0.593,7.3e-06,0.11,0.241,84.015,338587
spotify:track:5a11x5PUFvJEadMRqtNtTr,Tere Naal Love Ho Gaya (Original Motion Picture Soundtrack),Piya O Re Piya,"desi pop,filmi,modern bollywood",Shreya Ghoshal,63,0.442,0.574,2,-6.394,0.0828,0.273,0.0,0.094,0.308,167.857,292747
spotify:track:1VvGJIAjhGdB7InVP9NA7V,Meri Pyaari Bindu,Haareya,"desi pop,filmi,modern bollywood",Arijit Singh,56,0.675,0.392,4,-10.11,0.037,0.773,0.0,0.109,0.534,123.935,214736
spotify:track:2n9ylYiF7urpXo36qBwr3g,Mera Dil Bhi Kitna Pagal Hai (Recreated Version),Mera Dil Bhi Kitna Pagal Hai - Recreated Version,"desi pop,modern bollywood",Stebin Ben,69,0.601,0.733,6,-5.987,0.0362,0.333,1.73e-06,0.406,0.375,94.017,200828
spotify:track:4GrowvVL3xpUgfnXj6mVRH,Shaadi Mein Zaroor Aana (Original Motion Picture Soundtrack),Jogi,"desi pop,filmi,modern bollywood",Yasser Desai,63,0.651,0.562,9,-5.787,0.0302,0.601,0.0,0.121,0.607,81.029,273189
